Código;Participante 01 (s);Participante 02 (s);Participante 03 (s);Participante 04 (s);Participante 05 (s);Participante 06 (s);Participante 07 (s);Participante 08 (s);Participante 09 (s);Participante 10 (s);Participante 11 (s);Participante 12 (s)
MR-01;0,077;0,023;0,022;0,022;0,022;0,024;0,026;0,044;0,037;0,025;0,032;0,027
MR-02;0,012;0,010;0,010;0,010;0,010;0,009;0,010;0,056;0,016;0,010;0,014;0,011
MR-03;0,035;0,024;0,023;0,025;0,022;0,023;0,023;0,036;0,042;0,022;0,035;0,028
MR-04;0,073;0,038;0,034;0,031;0,033;0,030;0,034;0,079;0,167;0,035;0,039;0,036
MR-05;0,059;0,038;0,035;0,034;0,033;0,030;0,028;0,069;0,051;0,035;0,039;0,038
MR-06;0,089;0,058;0,054;0,050;0,048;0,051;0,050;0,136;0,083;0,056;0,054;0,065
MR-07;0,035;0,041;0,031;0,034;0,027;0,029;0,028;0,059;0,086;0,035;0,033;0,037
MR-08;0,068;0,056;0,050;0,054;0,059;0,049;0,055;0,094;0,079;0,055;0,062;0,059
MR-09;0,046;0,034;0,035;0,031;0,040;0,030;0,039;0,129;0,052;0,039;0,036;0,041
MR-10;0,118;0,030;0,025;0,027;0,026;0,026;0,028;0,111;0,037;0,030;0,030;0,025
MR-11;0,053;0,040;0,032;0,034;0,035;0,030;0,034;0,093;0,060;0,038;0,036;0,037
MR-12;0,177;0,168;0,158;0,150;0,159;0,150;0,182;0,250;0,225;0,151;0,208;0,167
MR-13;0,303;0,291;0,274;0,264;0,252;0,266;0,350;0,469;0,390;0,273;0,371;0,269
MR-14;0,470;0,472;0,434;0,417;0,410;0,462;0,574;0,762;0,835;0,451;0,587;0,429