Código;Participante 01;Participante 02;Participante 03;Participante 04;Participante 05;Participante 06;Participante 07;Participante 08;Participante 09;Participante 10;Participante 11;Participante 12
PF-01;Cumple;Cumple;Cumple;Cumple;Cumple;Cumple;Cumple;Cumple;Cumple;Cumple;Cumple;Cumple
PF-02;Cumple;Cumple;Cumple;Cumple;Cumple;Cumple;Cumple;Cumple;Cumple;Cumple;Cumple;Cumple
PF-03;Cumple;Cumple;Cumple;Cumple;Cumple;Cumple;Cumple;Cumple;Cumple;Cumple;Cumple;Cumple
PF-04;Cumple;Cumple;Cumple;Cumple;Cumple;Cumple;Cumple;Cumple;Cumple;Cumple;Cumple;Cumple
PF-05;Cumple;Cumple;Cumple;Cumple;Cumple;Cumple;Cumple;Cumple;Cumple;Cumple;Cumple;Cumple
PF-06;Cumple;Cumple;Cumple;Cumple;Cumple;Cumple;Cumple;Cumple;Cumple;Cumple;Cumple;Cumple
PF-07;Cumple;Cumple;Cumple;Cumple;Cumple;Cumple;Cumple;Cumple;Cumple;Cumple;Cumple;Cumple
PF-08;Parcial;Parcial;Parcial;Parcial;Parcial;Parcial;Parcial;Parcial;Parcial;Parcial;Parcial;Parcial
PF-09;Parcial;Parcial;Parcial;Parcial;Parcial;Parcial;Parcial;Parcial;Parcial;Parcial;Parcial;Parcial
PF-10;Cumple;Cumple;Cumple;Cumple;Cumple;Cumple;Cumple;Cumple;Cumple;Cumple;Cumple;Cumple
PF-11;Cumple;Cumple;Cumple;Cumple;Cumple;Cumple;Cumple;Cumple;Cumple;Cumple;Cumple;Cumple
PF-12;Parcial;Parcial;Parcial;Parcial;Parcial;Parcial;Parcial;Parcial;Parcial;Parcial;Parcial;Parcial
PF-13;Cumple;Cumple;Cumple;Cumple;Cumple;Cumple;Cumple;Cumple;Cumple;Cumple;Cumple;Cumple
PF-14;Parcial;Parcial;Parcial;Parcial;Parcial;Parcial;Parcial;Parcial;Parcial;Parcial;Parcial;Parcial