Código;Operación evaluada;Condición / acción de prueba;Tiempo 1 (s);Tiempo 2 (s);Tiempo 3 (s);Promedio (s);Observaciones
MR-01;Registro de pedido;Registrar un nuevo pedido con la información requerida.;0,043;0,026;0,026;0,032;"n=36; mín 0,020 s; máx 0,179 s; desv. est. 0,027 s; 36/36 bajo 2 s"
MR-02;Consulta del pedido;Consultar un pedido previamente registrado.;0,020;0,014;0,011;0,015;"n=36; mín 0,009 s; máx 0,112 s; desv. est. 0,018 s; 36/36 bajo 2 s"
MR-03;Actualización del estado;Modificar el estado de un pedido durante su gestión.;0,029;0,028;0,027;0,028;"n=36; mín 0,021 s; máx 0,056 s; desv. est. 0,009 s; 36/36 bajo 2 s"
MR-04;Asignación del despacho;Asignar un pedido a un repartidor o responsable.;0,059;0,036;0,062;0,052;"n=36; mín 0,027 s; máx 0,370 s; desv. est. 0,061 s; 36/36 bajo 2 s"
MR-05;Registro de incidencia;Registrar una incidencia asociada a un pedido.;0,046;0,040;0,036;0,041;"n=36; mín 0,027 s; máx 0,115 s; desv. est. 0,017 s; 36/36 bajo 2 s"
MR-06;Registro de devolución;Registrar una devolución y su causa.;0,075;0,062;0,062;0,066;"n=36; mín 0,043 s; máx 0,188 s; desv. est. 0,030 s; 36/36 bajo 2 s"
MR-07;Estado del producto retornado;Registrar la condición del producto al momento de la devolución.;0,038;0,035;0,047;0,040;"n=36; mín 0,026 s; máx 0,162 s; desv. est. 0,024 s; 36/36 bajo 2 s"
MR-08;Actualización del inventario;Procesar una devolución y actualizar el inventario según el estado del producto.;0,065;0,061;0,059;0,062;"n=36; mín 0,043 s; máx 0,106 s; desv. est. 0,016 s; 36/36 bajo 2 s"
MR-09;Historial de trazabilidad;Consultar el historial de operaciones de un pedido.;0,041;0,041;0,056;0,046;"n=36; mín 0,029 s; máx 0,258 s; desv. est. 0,038 s; 36/36 bajo 2 s"
MR-10;Consulta de información relacionada;Consultar información vinculada con pedidos, despachos, incidencias y devoluciones.;0,068;0,030;0,030;0,043;"n=36; mín 0,022 s; máx 0,286 s; desv. est. 0,057 s; 36/36 bajo 2 s"
MR-11;Integridad de registros;Realizar una operación y consultar posteriormente sus datos para verificar su conservación.;0,046;0,042;0,043;0,044;"n=36; mín 0,029 s; máx 0,097 s; desv. est. 0,019 s; 36/36 bajo 2 s"
MR-12;Escenario simulado de entrega;Ejecutar un flujo de entrega sin incidencia.;0,184;0,176;0,177;0,179;"n=36; mín 0,145 s; máx 0,289 s; desv. est. 0,039 s; 36/36 bajo 2 s"
MR-13;Escenario simulado de incidencia;Ejecutar una entrega en la que ocurra una incidencia.;0,327;0,307;0,309;0,314;"n=36; mín 0,244 s; máx 0,696 s; desv. est. 0,091 s; 36/36 bajo 2 s"
MR-14;Escenario simulado de devolución;Ejecutar una devolución simulada de un pedido.;0,562;0,473;0,541;0,525;"n=36; mín 0,396 s; máx 1,411 s; desv. est. 0,203 s; 36/36 bajo 2 s"