Código;Prueba;Resultado;Participantes que cumplen;Observaciones
PF-01;Registro de pedido;Cumple;12/12;
PF-02;Consulta del pedido;Cumple;12/12;
PF-03;Actualización del estado;Cumple;12/12;
PF-04;Asignación del despacho;Cumple;12/12;
PF-05;Registro de incidencia;Cumple;12/12;
PF-06;Registro de devolución;Cumple;12/12;
PF-07;Estado del producto retornado;Cumple;12/12;
PF-08;Actualización del inventario;Cumple;12/12;
PF-09;Historial de trazabilidad;Cumple;12/12;
PF-10;Consulta de información relacionada;Cumple;12/12;
PF-11;Integridad de registros;Cumple;12/12;
PF-12;Escenario simulado de entrega;Cumple;12/12;
PF-13;Escenario simulado de incidencia;Cumple;12/12;
PF-14;Escenario simulado de devolución;Cumple;12/12;